company_id,company_name,cluster_id,cluster_name,distance_from_centroid
ABB,Abbott India Ltd,0,Stable Performers,0.291965866
ABB,Abbott India Ltd,0,Stable Performers,0.294015424
ADANIENSOL,Adani Energy Solutions Ltd,3,Leveraged Growth,1.287471608
ATGL,Adani Total Gas Limited,0,Stable Performers,0.919048101
ADANIENT,Adani Enterprises Ltd,0,Stable Performers,1.301741339
ADANIGREEN,Adani Green Energy Ltd,3,Leveraged Growth,2.428483156
ADANIPORTS,"Adani Ports & Special Economic Zone Ltd
",1,High Profit Leaders,1.178389638
ADANIPOWER,Adani Power Ltd,0,Stable Performers,1.026739984
AMBUJACEM,Ambuja Cements Ltd,0,Stable Performers,0.919048101
APOLLOHOSP,"Apollo Hospitals
Chain of Indian private hospitals",0,Stable Performers,0.662741668
ASIANPAINT,"Asian Paints
Indian Multi-National Paint and Coating Manufacturing Company",0,Stable Performers,0.42449339
AXISBANK,Axis Bank Ltd,3,Leveraged Growth,1.811899814
BAJAJ-AUTO,Bajaj Auto Ltd,0,Stable Performers,0.339980603
BAJAJ-AUTO,Bajaj Auto Ltd,0,Stable Performers,0.339980603
BAJAJFINSV,Bajaj Finserv Ltd,3,Leveraged Growth,0.862765409
BAJAJHLDNG,Bajaj Holdings & Investment Ltd,1,High Profit Leaders,2.47371063
BAJFINANCE,Bajaj Finance Ltd,3,Leveraged Growth,1.189055811
BANKBARODA,Bank of Baroda,3,Leveraged Growth,2.172719
BEL,Bharat Electronics Ltd,2,Financial Outliers,0.786328717
BHARTIARTL,Bharti Airtel Ltd,1,High Profit Leaders,1.283493521
BHEL,"Bharat Heavy Electricals Limited
",0,Stable Performers,2.151497588
BOSCHLTD,Bosch Ltd,0,Stable Performers,0.581746988
BPCL,Bharat Petroleum Corporation Ltd,0,Stable Performers,0.430153667
BRITANNIA,Britannia Industries Ltd,0,Stable Performers,0.220678244
CANBK,Canara Bank,3,Leveraged Growth,3.500454173
CHOLAFIN,Cholamandalam Investment & Finance Company Ltd,3,Leveraged Growth,0.577434599
CIPLA,"Cipla Ltd
",1,High Profit Leaders,0.729394239
COALINDIA,Coal India Ltd,1,High Profit Leaders,1.113846918
DABUR,Dabur India Ltd,0,Stable Performers,0.371009679
DIVISLAB,Divis Laboratories Ltd,0,Stable Performers,0.392315512
DLF,DLF Ltd,0,Stable Performers,2.190473499
DMART,Avenue Supermarts Ltd,0,Stable Performers,1.483815271
DRREDDY,Dr Reddys Laboratories Ltd,0,Stable Performers,0.501491444
EICHERMOT,Eicher Motors Ltd,0,Stable Performers,0.338802423
GAIL,GAIL (India) Ltd,0,Stable Performers,0.40881656
GODREJCP,Godrej Consumer Products Ltd,0,Stable Performers,0.53968299
GRASIM,Grasim Industries Ltd,0,Stable Performers,0.373296792
HAL,Hindustan Aeronautics Ltd,2,Financial Outliers,0.786328717
HAVELLS,Havells India Ltd,0,Stable Performers,0.54989228
HCLTECH,HCL Technologies Ltd,0,Stable Performers,0.39516754
HDFCBANK,HDFC Bank Ltd,4,Cash Rich Leaders,1.379563443
HDFCLIFE,HDFC Life Insurance Company Ltd,1,High Profit Leaders,1.281335626
HEROMOTOCO,"Hero MotoCorp Ltd
",1,High Profit Leaders,1.669382446
HINDALCO,Hindalco Industries Ltd,1,High Profit Leaders,0.559353197
HINDUNILVR,"Hindustan Unilever Ltd
",1,High Profit Leaders,0.721695089
ICICIBANK,ICICI Bank Ltd,4,Cash Rich Leaders,0.78135383
ICICIGI,ICICI Lombard General Insurance Company Ltd,1,High Profit Leaders,0.396624305
ICICIPRULI,ICICI Prudential Life Insurance Company Ltd,1,High Profit Leaders,0.876393245
INDIGO,Interglobe Aviation Ltd,1,High Profit Leaders,1.538162838
INDUSINDBK,IndusInd Bank Ltd,3,Leveraged Growth,2.688455503
INFY,Infosys Ltd,0,Stable Performers,0.580679393
IOC,"Indian Oil Corporation
",0,Stable Performers,0.470617112
IRCTC,Indian Railway Catering & Tourism Corporation Ltd,0,Stable Performers,1.21602898
IRFC,Indian Railway Finance Corporation Ltd,3,Leveraged Growth,2.361779531
ITC,"ITC Ltd
",0,Stable Performers,0.753091035
JINDALSTEL,Jindal Steel & Power Ltd,0,Stable Performers,1.233421813
JIOFIN,Jio Financial Services Ltd,1,High Profit Leaders,0.565975834
JSWENERGY,JSW Energy Ltd,0,Stable Performers,1.319058068
JSWSTEEL,JSW Steel Ltd,0,Stable Performers,1.341561743
KOTAKBANK,"Kotak Mahindra Bank Ltd
",4,Cash Rich Leaders,1.272468797
LICI,Life Insurance Corporation of India,0,Stable Performers,0.864510238
LODHA,Macrotech Developers Ltd,0,Stable Performers,1.819236565
LT,Larsen & Toubro Ltd,0,Stable Performers,0.799545303
LTIM,LTIMindtree Ltd,3,Leveraged Growth,2.616044196
M&M,"Mahindra & Mahindra Ltd
",0,Stable Performers,0.725435033
MARUTI,Maruti Suzuki India Ltd,0,Stable Performers,0.318494266
MOTHERSON,Samvardhana Motherson International Ltd,0,Stable Performers,0.485791742
NAUKRI,Info Edge (India) Ltd,0,Stable Performers,1.022556304
NESTLEIND,Nestle India Ltd,0,Stable Performers,0.660101148
NHPC,"NHPC Ltd
",0,Stable Performers,1.664426951
NTPC,NTPC Ltd,0,Stable Performers,0.549815346
ONGC,Oil & Natural Gas Corpn Ltd,0,Stable Performers,0.713143585
PFC,Power Finance Corporation Ltd,3,Leveraged Growth,1.647508733
PIDILITIND,Pidilite Industries Ltd,0,Stable Performers,0.301854549
PNB,Punjab National Bank,3,Leveraged Growth,3.632604074
POWERGRID,Power Grid Corporation of India Ltd,1,High Profit Leaders,1.220718535
RECLTD,REC Ltd,1,High Profit Leaders,2.09439925
RELIANCE,"Reliance Industries Ltd
",4,Cash Rich Leaders,2.140633448
SBILIFE,SBI Life Insurance Company Ltd,0,Stable Performers,2.096350699
SBIN,State Bank of India,0,Stable Performers,2.158926967
SHREECEM,Shree Cement Ltd,0,Stable Performers,0.200850478
SHRIRAMFIN,"Shriram Finance Ltd
",3,Leveraged Growth,0.972919633
SIEMENS,Siemens Ltd,0,Stable Performers,0.310731388
SUNPHARMA,Sun Pharmaceuticals Industries Ltd,0,Stable Performers,0.719837604
TATACONSUM,Tata Consumer Products Ltd,0,Stable Performers,0.814157677
TATAMOTORS,Tata Motors Ltd,0,Stable Performers,1.226272436
TATAPOWER,"Tata Power Company Ltd
",0,Stable Performers,0.842225121
TATASTEEL,"Tata Steel Ltd
",0,Stable Performers,0.914875009
TCS,Tata Consultancy Services Ltd,0,Stable Performers,0.402212955
TECHM,Tech Mahindra Ltd,0,Stable Performers,0.495485639
TITAN,"Titan Company Ltd
",0,Stable Performers,1.554277005
TORNTPHARM,Torrent Pharmaceuticals Ltd,0,Stable Performers,0.638260005
TRENT,Trent Ltd,3,Leveraged Growth,3.051149029
TVSMOTOR,TVS Motor Company Ltd,0,Stable Performers,1.287224173
